Date,Open,High,Low,Close,Volume,Dividends,Stock Splits
2015-06-03,539.91,543.5,537.11,540.31,1717000,0,0
2015-06-04,537.76,540.59,534.32,536.7,1348300,0,0
2015-06-05,536.35,537.2,532.52,533.33,1388200,0,0
2015-06-08,533.31,534.12,526.24,526.83,1520600,0,0
2015-06-09,527.56,529.2,523.01,526.69,1455300,0,0
2015-06-10,529.36,538.36,529.35,536.69,1815000,0,0
2015-06-11,538.42,538.98,533.02,534.61,1217500,0,0
2015-06-12,531.6,533.12,530.16,532.33,955800,0,0
2015-06-15,528.0,528.3,524.0,527.2,1632700,0,0
2015-06-16,528.4,529.64,525.56,528.15,1071800,0,0
2015-06-17,529.37,530.98,525.1,529.26,1294200,0,0
2015-06-18,531.0,538.15,530.79,536.73,1833100,0,0
2015-06-19,537.21,538.25,533.01,536.69,1893500,0,0
2015-06-22,539.59,543.74,537.53,538.19,1250300,0,0
2015-06-23,539.64,541.5,535.25,540.48,1197500,0,0
2015-06-24,540.0,540.0,535.66,537.84,1286600,0,0
2015-06-25,538.87,540.9,535.23,535.23,1335700,0,0
2015-06-26,537.26,537.76,531.35,531.69,2109100,0,0
2015-06-29,525.01,528.61,520.54,521.52,1937800,0,0
2015-06-30,526.02,526.25,520.5,520.51,2217200,0,0
2015-07-01,524.73,525.69,518.23,521.84,1961000,0,0
2015-07-02,521.08,524.65,521.08,523.4,1235900,0,0
2015-07-06,519.5,525.25,519.0,522.86,1280500,0,0
2015-07-07,523.13,526.18,515.18,525.02,1597200,0,0
2015-07-08,521.05,522.73,516.11,516.83,1296700,0,0
2015-07-09,523.12,523.77,520.35,520.68,1842300,0,0
2015-07-10,526.29,532.56,525.55,530.13,1956700,0,0
2015-07-13,532.88,547.11,532.4,546.55,2206500,0,0
2015-07-14,546.76,565.85,546.71,561.1,3244100,0,0
2015-07-15,560.13,566.5,556.79,560.22,1784600,0,0
2015-07-16,565.12,580.68,565.0,579.85,4768300,0,0
2015-07-17,649.0,674.47,645.0,672.93,11164900,0,0
2015-07-20,659.24,668.88,653.01,663.02,5860900,0,0
2015-07-21,655.21,673.0,654.3,662.3,3377200,0,0
2015-07-22,660.89,678.64,659.0,662.1,3929300,0,0
2015-07-23,661.27,663.63,641.0,644.28,3029100,0,0
2015-07-24,647.0,648.17,622.52,623.56,3625700,0,0
2015-07-27,621.0,634.3,620.5,627.26,2675400,0,0
2015-07-28,632.83,632.83,623.31,628.0,1727300,0,0
2015-07-29,628.8,633.36,622.65,631.93,1575100,0,0
2015-07-30,630.0,635.22,622.05,632.59,1474200,0,0
2015-07-31,631.38,632.91,625.5,625.61,1706100,0,0
2015-08-03,625.34,633.06,625.34,631.21,1304500,0,0
2015-08-04,628.42,634.81,627.16,629.25,1490900,0,0
2015-08-05,634.33,647.86,633.16,643.78,2334300,0,0
2015-08-06,645.0,645.38,632.25,642.68,1572600,0,0
2015-08-07,640.23,642.68,629.71,635.3,1403900,0,0
2015-08-10,639.48,643.44,631.25,633.73,1809200,0,0
2015-08-11,669.2,674.9,654.27,660.78,5029200,0,0
2015-08-12,663.08,665.0,652.29,659.56,2936700,0,0
2015-08-13,659.32,664.5,651.66,656.45,1810700,0,0
2015-08-14,655.01,659.85,652.66,657.12,1072100,0,0
2015-08-17,656.8,661.38,651.24,660.87,1051700,0,0
2015-08-18,661.9,664.0,653.46,656.13,1456100,0,0
2015-08-19,656.6,667.0,654.19,660.9,2134100,0,0
2015-08-20,655.46,662.99,642.9,646.83,2855300,0,0
2015-08-21,639.78,640.05,612.33,612.48,4265200,0,0
2015-08-24,573.0,599.33,565.05,589.61,5770300,0,0
2015-08-25,614.91,617.45,581.11,582.06,3538000,0,0
2015-08-26,610.35,631.71,599.05,628.62,4235900,0,0
2015-08-27,639.4,643.59,622.0,637.61,3491300,0,0
2015-08-28,632.82,636.88,624.56,630.38,1978700,0,0
2015-08-31,627.54,635.8,617.68,618.25,2176700,0,0
2015-09-01,602.36,612.86,594.1,597.79,3702100,0,0
2015-09-02,605.59,614.34,599.71,614.34,2575600,0,0
2015-09-03,617.0,619.71,602.82,606.25,1759600,0,0
2015-09-04,600.0,603.47,595.25,600.7,2089000,0,0
2015-09-08,612.49,616.31,604.12,614.66,2279500,0,0
2015-09-09,621.22,626.52,609.6,612.72,1702100,0,0
2015-09-10,613.1,624.16,611.43,621.35,1905300,0,0
2015-09-11,619.75,625.78,617.42,625.77,1373500,0,0
2015-09-14,625.7,625.86,619.43,623.24,1702300,0,0
2015-09-15,626.7,638.7,623.78,635.14,2084400,0,0
2015-09-16,635.47,637.95,632.32,635.98,1286500,0,0
2015-09-17,637.79,650.9,635.02,642.9,2274700,0,0
2015-09-18,636.79,640.0,627.02,629.25,5133400,0,0
2015-09-21,634.4,636.49,625.94,635.44,1788500,0,0
2015-09-22,627.0,627.55,615.43,622.69,2562900,0,0
2015-09-23,622.05,628.93,620.0,622.36,1470900,0,0
2015-09-24,616.64,627.32,612.4,625.8,2240100,0,0
2015-09-25,629.77,629.77,611.0,611.97,2174000,0,0
2015-09-28,610.34,614.6,589.38,594.89,3127700,0,0
2015-09-29,597.28,605.0,590.22,594.97,2309500,0,0
2015-09-30,603.28,608.76,600.73,608.42,2413400,0,0
2015-10-01,608.37,612.09,599.85,611.29,1867600,0,0
2015-10-02,607.2,627.34,603.13,626.91,2684800,0,0
2015-10-05,632.0,643.01,627.0,641.47,1803600,0,0
2015-10-06,638.84,649.25,636.53,645.44,2166300,0,0
2015-10-07,649.24,650.61,632.15,642.36,2092700,0,0
2015-10-08,641.36,644.45,625.56,639.16,2182100,0,0
2015-10-09,640.0,645.99,635.32,643.61,1648700,0,0
2015-10-12,642.09,648.5,639.01,646.67,1275200,0,0
2015-10-13,643.15,657.81,643.15,652.3,1807700,0,0
2015-10-14,653.21,659.39,648.85,651.16,1415500,0,0
2015-10-15,654.66,663.13,654.46,661.74,1885700,0,0
2015-10-16,664.11,664.97,657.2,662.2,1611100,0,0
2015-10-19,661.18,666.82,659.58,666.1,1477300,0,0
2015-10-20,664.04,664.72,644.2,650.28,2498200,0,0
2015-10-21,654.15,655.87,641.73,642.61,1791100,0,0
2015-10-22,646.7,657.8,644.01,651.79,4071000,0,0
2015-10-23,727.5,730.0,701.5,702.0,6653900,0,0
2015-10-26,701.55,719.15,701.26,712.78,2716600,0,0
2015-10-27,707.38,713.62,704.55,708.49,2245800,0,0
2015-10-28,707.33,712.98,703.08,712.95,2178900,0,0
2015-10-29,710.5,718.26,710.01,716.92,1456000,0,0
2015-10-30,715.73,718.0,710.05,710.81,1908800,0,0
2015-11-02,711.06,721.62,705.85,721.11,1886300,0,0
2015-11-03,718.86,724.65,714.72,722.16,1565400,0,0
2015-11-04,722.0,733.1,721.9,728.11,1706700,0,0
2015-11-05,729.47,739.48,729.47,731.25,1861600,0,0
2015-11-06,731.5,735.41,727.01,733.76,1511600,0,0
2015-11-09,730.2,734.71,719.43,724.89,2069800,0,0
2015-11-10,724.4,730.59,718.5,728.32,1608000,0,0
2015-11-11,732.46,741.0,730.23,735.4,1366400,0,0
2015-11-12,731.0,737.8,728.65,731.23,1837200,0,0
2015-11-13,729.17,731.15,716.73,717.0,2075500,0,0
2015-11-16,715.6,729.49,711.33,728.96,1905900,0,0
2015-11-17,729.29,731.84,723.03,725.3,1510900,0,0
2015-11-18,727.58,741.41,727.0,740.0,1684300,0,0
2015-11-19,738.74,742.0,737.43,738.41,1327100,0,0
2015-11-20,746.53,757.92,743.0,756.6,2212300,0,0
2015-11-23,757.45,762.71,751.82,755.98,1414500,0,0
2015-11-24,752.0,755.28,737.63,748.28,2333100,0,0
2015-11-25,748.14,752.0,746.06,748.15,1122100,0,0
2015-11-27,748.46,753.41,747.49,750.26,838500,0,0
2015-11-30,748.81,754.93,741.27,742.6,2097600,0,0
2015-12-01,747.11,768.95,746.7,767.04,2134600,0,0
2015-12-02,768.9,775.96,758.96,762.38,2230400,0,0
2015-12-03,766.01,768.99,745.63,752.54,2590600,0,0
2015-12-04,753.1,768.49,750.0,766.81,2757300,0,0
2015-12-07,767.77,768.73,755.09,763.25,1812300,0,0
2015-12-08,757.89,764.8,754.2,762.37,1829500,0,0
2015-12-09,759.17,764.23,737.0,751.61,2700000,0,0
2015-12-10,752.85,755.85,743.83,749.46,1988400,0,0
2015-12-11,741.16,745.71,736.75,738.87,2224400,0,0
2015-12-14,741.79,748.73,724.17,747.77,2412500,0,0
2015-12-15,753.0,758.08,743.01,743.4,2666200,0,0
2015-12-16,750.0,760.59,739.43,758.09,1993300,0,0
2015-12-17,762.42,762.68,749.0,749.43,1553400,0,0
2015-12-18,746.51,754.13,738.15,739.31,3148700,0,0
2015-12-21,746.13,750.0,740.0,747.77,1525700,0,0
2015-12-22,751.65,754.85,745.53,750.0,1365400,0,0
2015-12-23,753.47,754.21,744.0,750.31,1565900,0,0
2015-12-24,749.55,751.35,746.62,748.4,527200,0,0
2015-12-28,752.92,762.99,749.52,762.51,1515300,0,0
2015-12-29,766.69,779.98,766.43,776.6,1765000,0,0
2015-12-30,776.6,777.6,766.9,771.0,1293300,0,0
2015-12-31,769.5,769.5,758.34,758.88,1500900,0,0
2016-01-04,743.0,744.06,731.26,741.84,3272800,0,0
2016-01-05,746.45,752.0,738.64,742.58,1950700,0,0
2016-01-06,730.0,747.18,728.92,743.62,1947000,0,0
2016-01-07,730.31,738.5,719.06,726.39,2963700,0,0
2016-01-08,731.45,733.23,713.0,714.47,2450900,0,0
2016-01-11,716.61,718.85,703.54,716.03,2090600,0,0
2016-01-12,721.68,728.75,717.32,726.07,2024500,0,0
2016-01-13,730.85,734.74,698.61,700.56,2501700,0,0
2016-01-14,705.38,721.92,689.1,714.72,2225800,0,0
2016-01-15,692.29,706.74,685.37,694.45,3608100,0,0
2016-01-19,703.3,709.98,693.41,701.79,2268100,0,0
2016-01-20,688.61,706.85,673.26,698.45,3445000,0,0
2016-01-21,702.18,719.19,694.46,706.59,2412200,0,0
2016-01-22,723.6,728.13,720.12,725.25,2011800,0,0
2016-01-25,723.58,729.68,710.01,711.67,1711700,0,0
2016-01-26,713.85,718.28,706.48,713.04,1331700,0,0
2016-01-27,713.67,718.23,694.39,699.99,2194200,0,0
2016-01-28,722.22,733.69,712.35,730.96,2676400,0,0
2016-01-29,731.53,744.99,726.8,742.95,3474300,0,0
2016-02-01,750.46,757.86,743.27,752.0,5139200,0,0
2016-02-02,784.5,789.87,764.65,764.65,6348100,0,0
2016-02-03,770.22,774.5,720.5,726.95,6171000,0,0
2016-02-04,722.81,727.0,701.86,708.01,5168700,0,0
2016-02-05,703.87,703.99,680.15,683.57,5105700,0,0
2016-02-08,667.85,684.03,663.06,682.74,4247400,0,0
2016-02-09,672.32,699.9,668.77,678.11,3608900,0,0
2016-02-10,686.86,701.31,682.13,684.12,2638000,0,0
2016-02-11,675.0,689.35,668.87,683.11,3024000,0,0
2016-02-12,690.26,693.75,678.6,682.4,2141400,0,0
2016-02-16,692.98,698.0,685.05,691.0,2520000,0,0
2016-02-17,698.09,709.75,691.38,708.4,2492600,0,0
2016-02-18,710.0,712.35,696.03,697.35,1883200,0,0
2016-02-19,695.03,703.08,694.05,700.91,1589300,0,0
2016-02-22,707.45,713.24,702.51,706.46,1949800,0,0
2016-02-23,701.45,708.4,693.58,695.85,2009300,0,0
2016-02-24,688.92,700.0,680.78,699.56,1963600,0,0
2016-02-25,700.01,705.98,690.59,705.75,1642200,0,0
2016-02-26,708.58,713.43,700.86,705.07,2243500,0,0
2016-02-29,700.32,710.89,697.68,697.77,2481100,0,0
2016-03-01,703.62,718.81,699.77,718.81,2151400,0,0
2016-03-02,719.0,720.0,712.0,718.85,1629000,0,0
2016-03-03,718.68,719.45,706.02,712.42,1958000,0,0
2016-03-04,714.99,716.49,706.02,710.89,1972100,0,0
2016-03-07,706.9,708.09,686.9,695.16,2985100,0,0
2016-03-08,688.59,703.79,685.34,693.97,2076300,0,0
2016-03-09,698.47,705.68,694.0,705.24,1421500,0,0
2016-03-10,708.12,716.44,703.36,712.82,2833500,0,0
2016-03-11,720.0,726.92,717.12,726.82,1970800,0,0
2016-03-14,726.81,735.5,725.15,730.49,1718300,0,0
2016-03-15,726.92,732.29,724.77,728.33,1721000,0,0
2016-03-16,726.37,737.47,724.51,736.09,1624400,0,0
2016-03-17,736.45,743.07,736.0,737.78,1860800,0,0
2016-03-18,741.86,742.0,731.83,737.6,2980700,0,0
2016-03-21,736.5,742.5,733.52,742.09,1836500,0,0
2016-03-22,737.46,745.0,737.46,740.75,1269700,0,0
2016-03-23,742.36,745.72,736.15,738.06,1432100,0,0
2016-03-24,732.01,737.75,731.0,735.3,1594900,0,0
2016-03-28,736.79,738.99,732.5,733.53,1301300,0,0
2016-03-29,734.59,747.25,728.76,744.77,1903800,0,0
2016-03-30,750.1,757.88,748.74,750.53,1782400,0,0
2016-03-31,749.25,750.85,740.94,744.95,1718800,0,0
2016-04-01,738.6,750.34,737.0,749.91,1576700,0,0
2016-04-04,750.06,752.8,742.43,745.29,1134200,0,0
2016-04-05,738.0,742.8,735.37,737.8,1132300,0,0
2016-04-06,735.77,746.24,735.56,745.69,1053700,0,0
2016-04-07,745.37,747.0,736.28,740.28,1453200,0,0
2016-04-08,743.97,745.45,735.55,739.15,1290800,0,0
2016-04-11,743.02,745.0,736.05,736.1,1220100,0,0
2016-04-12,738.0,743.83,731.01,743.09,1353000,0,0
2016-04-13,749.16,754.38,744.26,751.72,1707100,0,0
2016-04-14,754.01,757.31,752.71,753.2,1135300,0,0
2016-04-15,753.98,761.0,752.69,759.0,1809300,0,0
2016-04-18,760.46,768.05,757.3,766.61,1558800,0,0
2016-04-19,769.51,769.9,749.33,753.93,2030500,0,0
2016-04-20,758.0,758.13,750.01,752.67,1529200,0,0
2016-04-21,755.38,760.45,749.55,759.14,3060500,0,0
2016-04-22,726.3,736.12,713.61,718.77,5951900,0,0
2016-04-25,716.1,723.93,715.59,723.15,1959200,0,0
2016-04-26,725.42,725.77,703.03,708.14,2744600,0,0
2016-04-27,707.29,708.98,692.36,705.84,3098600,0,0
2016-04-28,708.26,714.17,689.55,691.02,2867300,0,0
2016-04-29,690.7,697.62,689.0,693.01,2487700,0,0
2016-05-02,697.63,700.64,691.0,698.21,1645300,0,0
2016-05-03,696.87,697.84,692.0,692.36,1543800,0,0
2016-05-04,690.49,699.75,689.01,695.7,1693500,0,0
2016-05-05,697.7,702.32,695.72,701.43,1683500,0,0
2016-05-06,698.38,711.86,698.11,711.12,1829300,0,0
2016-05-09,712.0,718.71,710.0,712.9,1510300,0,0
2016-05-10,716.75,723.5,715.72,723.18,1569600,0,0
2016-05-11,723.41,724.48,712.8,715.29,1692100,0,0
2016-05-12,717.06,719.25,709.0,713.31,1360700,0,0
2016-05-13,711.93,716.66,709.26,710.83,1314500,0,0
2016-05-16,709.13,718.48,705.65,716.49,1317100,0,0
2016-05-17,715.99,721.52,704.11,706.23,2001200,0,0
2016-05-18,703.67,711.6,700.63,706.63,1766800,0,0
2016-05-19,702.36,706.0,696.8,700.32,1670200,0,0
2016-05-20,701.62,714.58,700.52,709.74,1828400,0,0
2016-05-23,706.53,711.48,704.18,704.24,1330700,0,0
2016-05-24,706.86,720.97,706.86,720.09,1929500,0,0
2016-05-25,720.76,727.51,719.71,725.27,1629200,0,0
2016-05-26,722.87,728.33,720.28,724.12,1576300,0,0
2016-05-27,724.01,733.94,724.0,732.66,1975000,0,0
2016-05-31,731.74,739.73,731.26,735.72,2129500,0,0
2016-06-01,734.53,737.21,730.66,734.15,1253600,0,0
2016-06-02,732.5,733.02,724.17,730.4,1341800,0,0
2016-06-03,729.27,729.49,720.56,722.34,1226300,0,0
2016-06-06,724.91,724.91,714.61,716.55,1565300,0,0
2016-06-07,719.84,721.98,716.55,716.65,1336200,0,0
2016-06-08,723.96,728.57,720.58,728.28,1583700,0,0
2016-06-09,722.87,729.54,722.34,728.58,988900,0,0
2016-06-10,719.47,725.89,716.43,719.41,1216400,0,0
2016-06-13,716.51,725.44,716.51,718.36,1258900,0,0
2016-06-14,716.48,722.47,713.12,718.27,1306100,0,0
2016-06-15,719.0,722.98,717.31,718.92,1214500,0,0
2016-06-16,714.91,716.65,703.26,710.36,1982500,0,0
2016-06-17,708.65,708.82,688.45,691.72,3402400,0,0
2016-06-20,698.77,702.48,693.41,693.71,2082500,0,0
2016-06-21,698.4,702.77,692.01,695.94,1465600,0,0
2016-06-22,699.06,700.86,693.08,697.46,1184300,0,0
2016-06-23,697.45,701.95,687.0,701.87,2171400,0,0
2016-06-24,675.17,689.4,673.45,675.22,4449000,0,0
2016-06-27,671.0,672.3,663.28,668.26,2629000,0,0
2016-06-28,678.97,680.33,673.0,680.04,2173800,0,0
2016-06-29,683.0,687.43,681.41,684.11,1932600,0,0
2016-06-30,685.47,692.32,683.65,692.1,1597700,0,0
2016-07-01,692.2,700.65,692.13,699.21,1344700,0,0
2016-07-05,696.06,696.94,688.88,694.95,1462600,0,0
2016-07-06,689.98,701.68,689.09,697.77,1411900,0,0
2016-07-07,698.08,698.2,688.22,695.36,1304200,0,0
2016-07-08,699.5,705.71,696.43,705.63,1575200,0,0
2016-07-11,708.05,716.51,707.24,715.09,1111800,0,0
2016-07-12,719.12,722.94,715.91,720.64,1336900,0,0
2016-07-13,723.62,724.0,716.85,716.98,935900,0,0
2016-07-14,721.58,722.21,718.03,720.95,950200,0,0
2016-07-15,725.73,725.74,719.05,719.85,1279300,0,0
2016-07-18,722.71,736.13,721.19,733.78,1295500,0,0
2016-07-19,729.89,736.99,729.0,736.96,1227500,0,0
2016-07-20,737.33,742.13,737.1,741.19,1289700,0,0
2016-07-21,740.36,741.69,735.83,738.63,1026300,0,0
2016-07-22,741.86,743.24,736.56,742.74,1259800,0,0
2016-07-25,740.67,742.61,737.5,739.77,1032400,0,0
2016-07-26,739.04,741.69,734.27,738.42,1186700,0,0
2016-07-27,738.28,744.46,737.0,741.77,1512500,0,0
2016-07-28,747.04,748.65,739.3,745.91,3530200,0,0
2016-07-29,772.71,778.55,766.77,768.79,3841500,0,0
2016-08-01,761.09,780.43,761.09,772.88,2700500,0,0
2016-08-02,768.69,775.84,767.85,771.07,1784500,0,0
2016-08-03,767.18,773.21,766.82,773.18,1287400,0,0
2016-08-04,772.22,774.07,768.79,771.61,1140300,0,0
2016-08-05,773.78,783.04,772.34,782.22,1801200,0,0
2016-08-08,782.0,782.63,778.09,781.76,1107900,0,0
2016-08-09,781.1,788.94,780.57,784.26,1318900,0,0
2016-08-10,783.75,786.81,782.78,784.68,786400,0,0
2016-08-11,785.0,789.75,782.97,784.85,975100,0,0
2016-08-12,781.5,783.4,780.4,783.22,740500,0,0
2016-08-15,783.75,787.49,780.11,782.44,938200,0,0
2016-08-16,780.3,780.98,773.44,777.14,1028000,0,0
2016-08-17,777.32,780.81,773.53,779.91,924200,0,0
2016-08-18,780.01,782.86,777.0,777.5,719400,0,0
2016-08-19,775.0,777.1,773.13,775.42,861500,0,0
2016-08-22,773.27,774.54,770.05,772.15,951400,0,0
2016-08-23,775.48,776.44,771.78,772.08,928200,0,0
2016-08-24,770.58,774.5,767.07,769.64,1072000,0,0
2016-08-25,767.0,771.89,763.18,769.41,926900,0,0
2016-08-26,769.0,776.08,765.85,769.54,1166700,0,0
2016-08-29,768.74,774.99,766.61,772.15,847600,0,0
2016-08-30,769.33,774.47,766.84,769.09,1130000,0,0
2016-08-31,767.01,769.09,765.38,767.05,1248600,0,0
2016-09-01,769.25,771.02,764.3,768.78,925100,0,0
2016-09-02,773.01,773.92,768.41,771.46,1072700,0,0
2016-09-06,773.45,782.0,771.0,780.08,1442800,0,0
2016-09-07,780.0,782.73,776.2,780.35,893700,0,0
2016-09-08,778.59,780.35,773.58,775.32,1270300,0,0
2016-09-09,770.1,773.24,759.66,759.66,1885500,0,0
2016-09-12,755.13,770.29,754.0,769.02,1311000,0,0
2016-09-13,764.48,766.22,755.8,759.69,1395000,0,0
2016-09-14,759.61,767.68,759.11,762.49,1087400,0,0
2016-09-15,762.89,773.8,759.96,771.76,1305100,0,0
2016-09-16,769.75,769.75,764.66,768.88,2049300,0,0
2016-09-19,772.42,774.0,764.44,765.7,1172800,0,0
2016-09-20,769.0,773.33,768.53,771.41,978600,0,0
2016-09-21,772.66,777.16,768.3,776.22,1167800,0,0
2016-09-22,780.0,789.85,778.44,787.21,1486200,0,0
2016-09-23,786.59,788.93,784.15,786.9,1411900,0,0
2016-09-26,782.74,782.74,773.07,774.21,1533200,0,0
2016-09-27,775.5,785.99,774.31,783.01,1153200,0,0
2016-09-28,777.85,781.81,774.97,781.56,1109800,0,0
2016-09-29,781.44,785.8,774.23,775.01,1314700,0,0
2016-09-30,776.33,780.94,774.09,777.29,1585300,0,0
2016-10-03,774.25,776.07,769.5,772.56,1278800,0,0
2016-10-04,776.03,778.71,772.89,776.43,1201400,0,0
2016-10-05,779.31,782.07,775.65,776.47,1461200,0,0
2016-10-06,779.0,780.48,775.54,776.86,1070700,0,0
2016-10-07,779.66,779.66,770.75,775.08,933200,0,0
2016-10-10,777.71,789.38,775.87,785.94,1174900,0,0
2016-10-11,786.66,792.28,780.58,783.07,1372500,0,0
2016-10-12,783.76,788.13,782.06,786.14,937400,0,0
2016-10-13,781.22,781.22,773.0,778.19,1365300,0,0
2016-10-14,781.65,783.95,776.0,778.53,852500,0,0
2016-10-17,779.8,785.85,777.5,779.96,1093000,0,0
2016-10-18,787.85,801.61,785.57,795.26,2056900,0,0
2016-10-19,798.24,804.6,798.03,801.5,1766800,0,0
2016-10-20,803.3,803.97,796.03,796.97,1757500,0,0
2016-10-21,795.0,799.5,794.0,799.37,1266200,0,0
2016-10-24,804.9,815.18,804.82,813.11,1697500,0,0
2016-10-25,816.68,816.68,805.14,807.67,1576400,0,0
2016-10-26,806.34,806.98,796.32,799.07,1647700,0,0
2016-10-27,801.0,803.49,791.5,795.35,2749200,0,0
2016-10-28,808.35,815.49,793.59,795.37,4269900,0,0
2016-10-31,795.47,796.86,784.0,784.54,2427300,0,0
2016-11-01,782.89,789.49,775.54,783.61,2406400,0,0
2016-11-02,778.2,781.65,763.45,768.7,1872400,0,0
2016-11-03,767.25,769.95,759.03,762.13,1943200,0,0
2016-11-04,750.66,770.36,750.56,762.02,2134800,0,0
2016-11-07,774.5,785.19,772.55,782.52,1585100,0,0
2016-11-08,783.4,795.63,780.19,790.51,1366900,0,0
2016-11-09,779.94,791.23,771.67,785.31,2607100,0,0
2016-11-10,791.17,791.17,752.18,762.56,4745200,0,0
2016-11-11,756.54,760.78,750.38,754.02,2431800,0,0
2016-11-14,755.6,757.85,727.54,736.08,3654400,0,0
2016-11-15,746.97,764.42,746.97,758.49,2384000,0,0
2016-11-16,755.2,766.36,750.51,764.48,1472600,0,0
2016-11-17,766.92,772.7,764.23,771.23,1304000,0,0
2016-11-18,771.37,775.0,760.0,760.54,1547100,0,0
2016-11-21,762.61,769.7,760.6,769.2,1330600,0,0
2016-11-22,772.63,776.96,767.0,768.27,1593100,0,0
2016-11-23,767.73,768.28,755.25,760.99,1478400,0,0
2016-11-25,764.26,765.0,760.52,761.68,587400,0,0
2016-11-28,760.0,779.53,759.8,768.24,2188200,0,0
2016-11-29,771.53,778.5,768.24,770.84,1616600,0,0
2016-11-30,770.07,772.99,754.83,758.04,2392900,0,0
2016-12-01,757.44,759.85,737.03,747.92,3017900,0,0
2016-12-02,744.59,754.0,743.1,750.5,1452500,0,0
2016-12-05,757.71,763.9,752.9,762.52,1394200,0,0
2016-12-06,764.73,768.83,757.34,759.11,1690700,0,0
2016-12-07,761.0,771.36,755.8,771.19,1761000,0,0
2016-12-08,772.48,778.18,767.23,776.42,1488100,0,0
2016-12-09,780.0,789.43,779.02,789.29,1821900,0,0
2016-12-12,785.04,791.25,784.35,789.27,2104100,0,0
2016-12-13,793.9,804.38,793.34,796.1,2145200,0,0
2016-12-14,797.4,804.0,794.01,797.07,1704200,0,0
2016-12-15,797.34,803.0,792.92,797.85,1626500,0,0
2016-12-16,800.4,800.86,790.29,790.8,2443800,0,0
2016-12-19,790.22,797.66,786.27,794.2,1232100,0,0
2016-12-20,796.76,798.65,793.27,796.42,951000,0,0
2016-12-21,795.84,796.68,787.1,794.56,1211300,0,0
2016-12-22,792.36,793.32,788.58,791.26,972200,0,0
2016-12-23,790.9,792.74,787.28,789.91,623400,0,0
2016-12-27,790.68,797.86,787.66,791.55,789100,0,0
2016-12-28,793.7,794.23,783.2,785.05,1153800,0,0
2016-12-29,783.33,785.93,778.92,782.79,744300,0,0
2016-12-30,782.75,782.78,770.41,771.82,1770000,0,0
2017-01-03,778.81,789.63,775.8,786.14,1657300,0,0
2017-01-04,788.36,791.34,783.16,786.9,1073000,0,0
2017-01-05,786.08,794.48,785.02,794.02,1335200,0,0
2017-01-06,795.26,807.9,792.2,806.15,1640200,0,0
2017-01-09,806.4,809.97,802.83,806.65,1274600,0,0
2017-01-10,807.86,809.13,803.51,804.79,1176800,0,0
2017-01-11,805.0,808.15,801.37,807.91,1065900,0,0
2017-01-12,807.14,807.39,799.17,806.36,1353100,0,0
2017-01-13,807.48,811.22,806.69,807.88,1099200,0,0
2017-01-17,807.08,807.14,800.37,804.61,1362100,0,0
2017-01-18,805.81,806.21,800.99,806.07,1294400,0,0
2017-01-19,805.12,809.48,801.8,802.17,919300,0,0
2017-01-20,806.91,806.91,801.69,805.02,1670000,0,0
2017-01-23,807.25,820.87,803.74,819.31,1963600,0,0
2017-01-24,822.3,825.9,817.82,823.87,1474000,0,0
2017-01-25,829.62,835.77,825.06,835.67,1494500,0,0
2017-01-26,837.81,838.0,827.01,832.15,2973900,0,0
2017-01-27,834.71,841.95,820.44,823.31,2965800,0,0
2017-01-30,814.66,815.84,799.8,802.32,3246600,0,0
2017-01-31,796.86,801.25,790.52,796.79,2160600,0,0
2017-02-01,799.68,801.19,791.19,795.7,2029700,0,0
2017-02-02,793.8,802.7,792.0,798.53,1532100,0,0
2017-02-03,802.99,806.0,800.37,801.49,1463400,0,0
2017-02-06,799.7,801.67,795.25,801.34,1184500,0,0
2017-02-07,803.99,810.5,801.78,806.97,1241200,0,0
2017-02-08,807.0,811.84,803.19,808.38,1155300,0,0
2017-02-09,809.51,810.66,804.54,809.56,989700,0,0
2017-02-10,811.7,815.25,809.78,813.67,1135000,0,0
2017-02-13,816.0,820.96,815.49,819.24,1213300,0,0
2017-02-14,819.0,823.0,816.0,820.45,1054700,0,0
2017-02-15,819.36,823.0,818.47,818.98,1313600,0,0
2017-02-16,819.93,824.4,818.98,824.16,1287600,0,0
2017-02-17,823.02,828.07,821.66,828.07,1611000,0,0
2017-02-21,828.66,833.45,828.35,831.66,1262300,0,0
2017-02-22,828.66,833.25,828.64,830.76,982900,0,0
2017-02-23,830.12,832.46,822.88,831.33,1472800,0,0
2017-02-24,827.73,829.0,824.2,828.64,1392200,0,0
2017-02-27,824.55,830.5,824.0,829.28,1101500,0,0
2017-02-28,825.61,828.54,820.2,823.21,2260800,0,0
2017-03-01,828.85,836.26,827.26,835.24,1496500,0,0
2017-03-02,833.85,834.51,829.64,830.63,942500,0,0
2017-03-03,830.56,831.36,825.75,829.08,896400,0,0
2017-03-06,826.95,828.88,822.4,827.78,1109000,0,0
2017-03-07,827.4,833.41,826.52,831.91,1037600,0,0
2017-03-08,833.51,838.15,831.79,835.37,989800,0,0
2017-03-09,836.0,842.0,834.21,838.68,1261500,0,0
2017-03-10,843.28,844.91,839.5,843.25,1704000,0,0
2017-03-13,844.0,848.68,843.25,845.54,1223600,0,0
2017-03-14,843.64,847.24,840.8,845.62,779900,0,0
2017-03-15,847.59,848.63,840.77,847.2,1381500,0,0
2017-03-16,849.03,850.85,846.13,848.78,977600,0,0
2017-03-17,851.61,853.4,847.11,852.12,1712300,0,0
2017-03-20,850.01,850.22,845.15,848.4,1231500,0,0
2017-03-21,851.4,853.5,829.02,830.46,2463500,0,0
2017-03-22,831.91,835.55,827.18,829.59,1401500,0,0
2017-03-23,821.0,822.57,812.26,817.58,3487100,0,0
2017-03-24,820.08,821.93,808.89,814.43,1981000,0,0
2017-03-27,806.95,821.63,803.37,819.51,1894300,0,0
2017-03-28,820.41,825.99,814.03,820.92,1620500,0,0
2017-03-29,825.0,832.77,822.38,831.41,1786300,0,0
2017-03-30,833.5,833.68,829.0,831.5,1055300,0,0
2017-03-31,828.97,831.64,827.39,829.56,1401900,0,0
2017-04-03,829.22,840.85,829.22,838.55,1671500,0,0
2017-04-04,831.36,835.18,829.04,834.57,1045400,0,0
2017-04-05,835.51,842.45,830.72,831.41,1555300,0,0
2017-04-06,832.4,836.39,826.46,827.88,1254400,0,0
2017-04-07,827.96,828.48,820.51,824.67,1057300,0,0
2017-04-10,825.39,829.35,823.77,824.73,978900,0,0
2017-04-11,824.71,827.43,817.02,823.35,1079700,0,0
2017-04-12,821.93,826.66,821.02,824.32,900500,0,0
2017-04-13,822.14,826.38,821.44,823.56,1122400,0,0
2017-04-17,825.01,837.75,824.47,837.17,895000,0,0
2017-04-18,834.22,838.93,832.71,836.82,836700,0,0
2017-04-19,839.79,842.22,836.29,838.21,954200,0,0
2017-04-20,841.44,845.2,839.32,841.65,959000,0,0
2017-04-21,842.88,843.88,840.6,843.19,1323600,0,0
2017-04-24,851.2,863.45,849.86,862.76,1372500,0,0
2017-04-25,865.0,875.0,862.81,872.3,1672000,0,0
2017-04-26,874.23,876.05,867.75,871.73,1237200,0,0
2017-04-27,873.6,875.4,870.38,874.25,2026800,0,0
2017-04-28,910.66,916.85,905.77,905.96,3276300,0,0
2017-05-01,901.94,915.68,901.45,912.57,2116000,0,0
2017-05-02,909.62,920.77,909.45,916.44,1587200,0,0
2017-05-03,914.86,928.1,912.54,927.04,1499500,0,0
2017-05-04,926.07,935.93,924.59,931.66,1422100,0,0
2017-05-05,933.54,934.9,925.2,927.13,1911300,0,0
2017-05-08,926.12,936.92,925.26,934.3,1329800,0,0
2017-05-09,936.95,937.5,929.53,932.17,1581800,0,0
2017-05-10,931.98,932.0,925.16,928.78,1173900,0,0
2017-05-11,925.32,932.53,923.03,930.6,835000,0,0
2017-05-12,931.53,933.44,927.85,932.22,1050600,0,0
2017-05-15,932.95,938.25,929.34,937.08,1108100,0,0
2017-05-16,940.0,943.11,937.58,943.0,969500,0,0
2017-05-17,935.67,939.33,918.14,919.62,2362100,0,0
2017-05-18,921.0,933.17,918.75,930.24,1596900,0,0
2017-05-19,931.47,937.76,931.0,934.01,1393000,0,0
2017-05-22,935.0,941.88,935.0,941.86,1120400,0,0
2017-05-23,947.92,951.47,942.58,948.82,1270800,0,0
2017-05-24,952.98,955.09,949.5,954.96,1024800,0,0
2017-05-25,957.33,972.63,955.47,969.54,1660500,0,0
2017-05-26,969.7,974.98,965.03,971.47,1252000,0,0
2017-05-30,970.31,976.2,969.49,975.88,1466700,0,0
2017-05-31,975.02,979.27,960.18,964.86,2448100,0,0
2017-06-01,968.95,971.5,960.01,966.95,1410500,0,0
2017-06-02,969.46,975.88,966.0,975.6,1751000,0,0
2017-06-05,976.55,986.91,975.1,983.68,1252100,0,0
2017-06-06,983.16,988.25,975.14,976.57,1814600,0,0
2017-06-07,980.0,983.98,975.94,980.94,1453900,0,0
2017-06-08,982.35,984.57,977.2,983.41,1481900,0,0
2017-06-09,984.5,984.5,935.63,949.83,3309400,0,0
2017-06-12,939.56,949.35,915.23,942.9,3763500,0,0
2017-06-13,951.91,959.98,944.09,953.4,2013300,0,0
2017-06-14,959.92,961.15,942.25,950.76,1489700,0,0
2017-06-15,933.97,943.34,924.44,942.31,2133100,0,0
2017-06-16,940.0,942.04,931.59,939.78,3094700,0,0
2017-06-19,949.96,959.99,949.05,957.37,1533300,0,0
2017-06-20,957.52,961.62,950.01,950.63,1126000,0,0
2017-06-21,953.64,960.1,950.76,959.45,1202200,0,0
2017-06-22,958.7,960.72,954.55,957.09,941400,0,0
2017-06-23,956.83,966.0,954.2,965.59,1527900,0,0
2017-06-26,969.9,973.31,950.79,952.27,1598400,0,0
2017-06-27,942.46,948.29,926.85,927.33,2579900,0,0
2017-06-28,929.0,942.75,916.0,940.49,2721400,0,0
2017-06-29,929.92,931.26,910.62,917.79,3299200,0,0
2017-06-30,926.05,926.05,908.31,908.73,2090200,0,0
2017-07-03,912.18,913.94,894.79,898.7,1709800,0,0
2017-07-05,901.76,914.51,898.5,911.71,1813900,0,0
2017-07-06,904.12,914.94,899.7,906.69,1424500,0,0
2017-07-07,908.85,921.54,908.85,918.59,1637800,0,0
2017-07-10,921.77,930.38,919.59,928.8,1192800,0,0
2017-07-11,929.54,931.43,922.0,930.09,1113200,0,0
2017-07-12,938.68,946.3,934.47,943.83,1532100,0,0
2017-07-13,946.29,954.45,943.01,947.16,1294700,0,0
2017-07-14,952.0,956.91,948.01,955.99,1053800,0,0
2017-07-17,957.0,960.74,949.24,953.42,1165500,0,0
2017-07-18,953.0,968.04,950.6,965.4,1154000,0,0
2017-07-19,967.84,973.04,964.03,970.89,1224500,0,0
2017-07-20,975.0,975.9,961.51,968.15,1624500,0,0
2017-07-21,962.25,973.23,960.15,972.92,1711000,0,0
2017-07-24,972.22,986.2,970.77,980.34,3248300,0,0
2017-07-25,953.81,959.7,945.4,950.7,4661000,0,0
2017-07-26,954.68,955.0,942.28,947.8,2088300,0,0
2017-07-27,951.78,951.78,920.0,934.09,3213000,0,0
2017-07-28,929.4,943.83,927.5,941.53,1846400,0,0
2017-07-31,941.89,943.59,926.04,930.5,1970100,0,0
2017-08-01,932.38,937.45,929.26,930.83,1277700,0,0
2017-08-02,928.61,932.6,916.68,930.39,1824400,0,0
2017-08-03,930.34,932.24,922.24,923.65,1202500,0,0
2017-08-04,926.75,930.31,923.03,927.96,1082300,0,0
2017-08-07,929.06,931.7,926.5,929.36,1032200,0,0
2017-08-08,927.09,935.81,925.61,926.79,1061600,0,0
2017-08-09,920.61,925.98,917.25,922.9,1192100,0,0
2017-08-10,917.55,919.26,906.13,907.24,1824000,0,0
2017-08-11,907.97,917.78,905.58,914.39,1206800,0,0
2017-08-14,922.53,924.67,918.19,922.67,1064500,0,0
2017-08-15,924.23,926.55,919.82,922.22,883400,0,0
2017-08-16,925.29,932.7,923.45,926.96,1006700,0,0
2017-08-17,925.78,926.86,910.98,910.98,1277200,0,0
2017-08-18,910.31,915.28,907.15,910.67,1342700,0,0
2017-08-21,910.0,913.0,903.4,906.66,943400,0,0
2017-08-22,912.72,925.86,911.47,924.69,1166700,0,0
2017-08-23,921.93,929.93,919.36,927.0,1090200,0,0
2017-08-24,928.66,930.84,915.5,921.28,1270300,0,0
2017-08-25,923.49,925.55,915.5,915.89,1053400,0,0
2017-08-28,916.0,919.24,911.87,913.81,1086500,0,0
2017-08-29,905.1,923.33,905.0,921.29,1185600,0,0
2017-08-30,920.05,930.82,919.65,929.57,1301200,0,0
2017-08-31,931.76,941.98,931.76,939.33,1582600,0,0
2017-09-01,941.13,942.48,935.15,937.34,947400,0,0
2017-09-05,933.08,937.0,921.96,928.45,1326400,0,0
2017-09-06,930.15,930.91,919.27,927.81,1527700,0,0
2017-09-07,931.73,936.41,923.62,935.95,1212700,0,0
2017-09-08,936.49,936.99,924.88,926.5,1011500,0,0
2017-09-11,934.25,938.38,926.92,929.08,1267000,0,0
2017-09-12,932.59,933.48,923.86,932.07,1134400,0,0
2017-09-13,930.66,937.25,929.86,935.09,1102600,0,0
2017-09-14,931.25,932.77,924.0,925.11,1397600,0,0
2017-09-15,924.66,926.49,916.36,920.29,2505400,0,0
2017-09-18,920.01,922.08,910.6,915.0,1306900,0,0
2017-09-19,917.42,922.42,912.55,921.81,936700,0,0
2017-09-20,922.98,933.88,922.0,931.58,1669800,0,0
2017-09-21,933.0,936.53,923.83,932.45,1290600,0,0
2017-09-22,927.75,934.73,926.48,928.53,1052700,0,0
2017-09-25,925.45,926.4,909.7,920.97,1856800,0,0
2017-09-26,923.72,930.82,921.14,924.86,1666900,0,0
2017-09-27,927.74,949.9,927.74,944.49,2239400,0,0
2017-09-28,941.36,950.69,940.55,949.5,1020300,0,0
2017-09-29,952.0,959.79,951.51,959.11,1581000,0,0
2017-10-02,959.98,962.54,947.84,953.27,1283400,0,0
2017-10-03,954.0,958.0,949.14,957.79,888300,0,0
2017-10-04,957.0,960.39,950.69,951.68,952400,0,0
2017-10-05,955.49,970.91,955.18,969.96,1213800,0,0
2017-10-06,966.7,979.46,963.36,978.89,1173900,0,0
2017-10-09,980.0,985.42,976.11,977.0,891400,0,0
2017-10-10,980.0,981.57,966.08,972.6,968400,0,0
2017-10-11,973.72,990.71,972.25,989.25,1693300,0,0
2017-10-12,987.45,994.12,985.0,987.83,1262400,0,0
2017-10-13,992.0,997.21,989.0,989.68,1169800,0,0
2017-10-16,992.1,993.91,984.0,992.0,910500,0,0
2017-10-17,990.29,996.44,988.59,992.18,1290200,0,0
2017-10-18,991.77,996.72,986.97,992.81,1057600,0,0
2017-10-19,986.0,988.88,978.39,984.45,1313600,0,0
2017-10-20,989.44,991.0,984.58,988.2,1183200,0,0
2017-10-23,989.52,989.52,966.12,968.45,1478400,0,0
2017-10-24,970.0,972.23,961.0,970.54,1212200,0,0
2017-10-25,968.37,976.09,960.52,973.33,1211300,0,0
2017-10-26,980.0,987.6,972.2,972.56,2042100,0,0
2017-10-27,1009.19,1048.39,1008.2,1019.27,5167700,0,0
2017-10-30,1014.0,1024.97,1007.5,1017.11,2085100,0,0
2017-10-31,1015.22,1024.0,1010.42,1016.64,1330700,0,0
2017-11-01,1017.21,1029.67,1016.95,1025.5,1373400,0,0
2017-11-02,1021.76,1028.09,1013.01,1025.58,1049000,0,0
2017-11-03,1022.11,1032.65,1020.31,1032.48,1076400,0,0
2017-11-06,1028.99,1034.87,1025.0,1025.9,1125200,0,0
2017-11-07,1027.27,1033.97,1025.13,1033.33,1112300,0,0
2017-11-08,1030.52,1043.52,1028.45,1039.85,1088700,0,0
2017-11-09,1033.99,1033.99,1019.67,1031.26,1245200,0,0
2017-11-10,1026.46,1030.76,1025.28,1028.07,720000,0,0
2017-11-13,1023.42,1031.58,1022.57,1025.75,885800,0,0
2017-11-14,1022.59,1026.81,1014.15,1026.0,959200,0,0
2017-11-15,1019.21,1024.09,1015.42,1020.91,854000,0,0
2017-11-16,1022.52,1035.92,1022.52,1032.5,1129700,0,0
2017-11-17,1034.01,1034.42,1017.75,1019.09,1397100,0,0
2017-11-20,1020.26,1022.61,1017.5,1018.38,953500,0,0
2017-11-21,1023.31,1035.11,1022.66,1034.49,1097000,0,0
2017-11-22,1035.0,1039.71,1031.43,1035.96,746300,0,0
2017-11-24,1035.87,1043.18,1035.0,1040.61,537000,0,0
2017-11-27,1040.0,1055.46,1038.44,1054.21,1307900,0,0
2017-11-28,1055.09,1062.38,1040.0,1047.41,1424400,0,0
2017-11-29,1042.68,1044.08,1015.65,1021.66,2459400,0,0
2017-11-30,1022.37,1028.49,1015.0,1021.41,1724000,0,0
2017-12-01,1015.8,1022.49,1002.02,1010.17,1909600,0,0
2017-12-04,1012.66,1016.1,995.57,998.68,1906400,0,0
2017-12-05,995.94,1020.61,988.28,1005.15,2067300,0,0
2017-12-06,1001.5,1024.97,1001.14,1018.38,1272000,0,0
2017-12-07,1020.43,1034.24,1018.07,1030.93,1458200,0,0
2017-12-08,1037.49,1042.05,1032.52,1037.05,1290800,0,0
2017-12-11,1035.5,1043.8,1032.05,1041.1,1192800,0,0
2017-12-12,1039.63,1050.31,1033.69,1040.48,1279500,0,0
2017-12-13,1046.12,1046.67,1038.38,1040.61,1282700,0,0
2017-12-14,1045.0,1058.5,1043.11,1049.15,1558700,0,0
2017-12-15,1054.61,1067.62,1049.5,1064.19,3275900,0,0
2017-12-18,1066.08,1078.49,1062.0,1077.14,1554600,0,0
2017-12-19,1075.2,1076.84,1063.55,1070.68,1338700,0,0
2017-12-20,1071.78,1073.38,1061.52,1064.95,1268600,0,0
2017-12-21,1064.95,1069.33,1061.79,1063.63,995700,0,0
2017-12-22,1061.11,1064.2,1059.44,1060.12,755100,0,0
2017-12-26,1058.07,1060.12,1050.2,1056.74,760600,0,0
2017-12-27,1057.39,1058.37,1048.05,1049.37,1271900,0,0
2017-12-28,1051.6,1054.75,1044.77,1048.14,837100,0,0
2017-12-29,1046.72,1049.7,1044.9,1046.4,887500,0,0
2018-01-02,1048.34,1066.94,1045.23,1065.0,1237600,0,0
2018-01-03,1064.31,1086.29,1063.21,1082.48,1430200,0,0
2018-01-04,1088.0,1093.57,1084.0,1086.4,1004600,0,0
2018-01-05,1094.0,1104.25,1092.0,1102.23,1279100,0,0
2018-01-08,1102.23,1111.27,1101.62,1106.94,1047600,0,0
2018-01-09,1109.4,1110.57,1101.23,1106.26,902500,0,0
2018-01-10,1097.1,1104.6,1096.11,1102.61,1042800,0,0
2018-01-11,1106.3,1106.53,1099.59,1105.52,978300,0,0
2018-01-12,1102.41,1124.29,1101.15,1122.26,1720500,0,0
2018-01-16,1132.51,1139.91,1117.83,1121.76,1575300,0,0
2018-01-17,1126.22,1132.6,1117.01,1131.98,1202600,0,0
2018-01-18,1131.41,1132.51,1117.5,1129.79,1198200,0,0
2018-01-19,1131.83,1137.86,1128.3,1137.51,1778200,0,0
2018-01-22,1137.49,1159.88,1135.11,1155.81,1618000,0,0
2018-01-23,1159.85,1171.63,1158.75,1169.97,1333100,0,0
2018-01-24,1177.33,1179.86,1161.05,1164.24,1416600,0,0
2018-01-25,1172.53,1175.94,1162.76,1170.37,1480500,0,0
2018-01-26,1175.08,1175.84,1158.11,1175.84,2018800,0,0
2018-01-29,1176.48,1186.89,1171.98,1175.58,1378900,0,0
2018-01-30,1167.83,1176.52,1163.52,1163.69,1556300,0,0
2018-01-31,1170.57,1173.0,1159.13,1169.94,1538700,0,0
2018-02-01,1162.61,1174.0,1157.52,1167.7,2412100,0,0
2018-02-02,1122.0,1123.07,1107.28,1111.9,4857900,0,0
2018-02-05,1090.6,1110.0,1052.03,1055.8,3798300,0,0
2018-02-06,1027.18,1081.71,1023.14,1080.6,3448000,0,0
2018-02-07,1081.54,1081.78,1048.26,1048.58,2369200,0,0
2018-02-08,1055.41,1058.62,1000.66,1001.52,2859100,0,0
2018-02-09,1017.25,1043.97,992.56,1037.78,3505900,0,0
2018-02-12,1048.0,1061.5,1040.93,1051.94,2057700,0,0
2018-02-13,1045.0,1058.37,1044.09,1052.1,1265100,0,0
2018-02-14,1048.95,1071.72,1046.75,1069.7,1555800,0,0
2018-02-15,1079.07,1091.48,1064.34,1089.52,1843400,0,0
2018-02-16,1088.41,1104.67,1088.31,1094.8,1679500,0,0
2018-02-20,1090.57,1113.95,1088.52,1102.46,1423100,0,0
2018-02-21,1106.47,1133.97,1106.33,1111.34,1512900,0,0
2018-02-22,1116.19,1122.82,1102.59,1106.63,1317200,0,0
2018-02-23,1112.64,1127.28,1104.71,1126.79,1261000,0,0
2018-02-26,1127.8,1143.96,1126.69,1143.75,1559100,0,0
2018-02-27,1141.24,1144.04,1118.0,1118.29,1774100,0,0
2018-02-28,1123.03,1127.53,1103.24,1104.73,1882600,0,0
2018-03-01,1107.87,1110.12,1067.0,1069.52,2515900,0,0
2018-03-02,1053.08,1082.0,1048.11,1078.92,2271600,0,0
2018-03-05,1075.14,1097.1,1069.0,1090.93,1202200,0,0
2018-03-06,1099.22,1101.85,1089.78,1095.06,1532800,0,0
2018-03-07,1089.19,1112.22,1085.48,1109.64,1292500,0,0
2018-03-08,1115.32,1127.6,1112.8,1126.0,1355100,0,0
2018-03-09,1136.0,1160.8,1132.46,1160.04,2128000,0,0
2018-03-12,1163.85,1177.05,1157.42,1164.5,2172300,0,0
2018-03-13,1170.0,1176.76,1133.33,1138.17,1907200,0,0
2018-03-14,1145.21,1158.59,1141.44,1149.49,1291400,0,0
2018-03-15,1149.96,1161.08,1134.54,1149.58,1395400,0,0
2018-03-16,1154.14,1155.88,1131.96,1135.73,3092000,0,0
2018-03-19,1120.01,1121.99,1089.01,1099.82,2805900,0,0
2018-03-20,1099.0,1105.2,1083.46,1097.71,1831900,0,0
2018-03-21,1092.74,1106.3,1085.15,1090.88,1878900,0,0
2018-03-22,1081.88,1082.9,1045.91,1049.08,2667000,0,0
2018-03-23,1047.03,1063.36,1021.22,1021.57,2156700,0,0
2018-03-26,1046.0,1055.63,1008.4,1053.21,2665100,0,0
2018-03-27,1063.0,1064.84,996.92,1005.1,3095300,0,0
2018-03-28,998.0,1024.23,980.64,1004.56,3369300,0,0
2018-03-29,1011.63,1043.0,1002.9,1031.79,2726800,0,0
2018-04-02,1022.82,1034.8,990.37,1006.47,2680400,0,0
2018-04-03,1013.91,1020.99,994.07,1013.41,2275100,0,0
2018-04-04,993.41,1028.72,993.0,1025.14,2484700,0,0
2018-04-05,1041.33,1042.79,1020.13,1027.81,1363000,0,0
2018-04-06,1020.0,1031.42,1003.03,1007.04,1746400,0,0
2018-04-09,1016.8,1039.6,1014.08,1015.45,1751600,0,0
2018-04-10,1026.44,1036.28,1011.34,1031.64,1974500,0,0
2018-04-11,1027.99,1031.36,1015.87,1019.97,1483900,0,0
2018-04-12,1025.04,1040.69,1021.43,1032.51,1357000,0,0
2018-04-13,1040.88,1046.42,1022.98,1029.27,1223000,0,0
2018-04-16,1037.0,1043.24,1026.74,1037.98,1211200,0,0
2018-04-17,1051.37,1077.88,1048.26,1074.16,2320300,0,0
2018-04-18,1077.43,1077.43,1066.22,1072.08,1344100,0,0
2018-04-19,1069.4,1094.17,1068.18,1087.7,1747700,0,0
2018-04-20,1082.0,1092.35,1069.57,1072.96,1889700,0,0
2018-04-23,1077.86,1082.72,1060.7,1067.45,2341300,0,0
2018-04-24,1052.0,1057.0,1010.59,1019.98,4760300,0,0
2018-04-25,1025.52,1032.49,1015.31,1021.18,2391100,0,0
2018-04-26,1029.51,1047.98,1018.19,1040.04,2079500,0,0
2018-04-27,1046.0,1049.5,1025.59,1030.05,1619800,0,0
2018-04-30,1030.01,1037.0,1016.85,1017.33,1671300,0,0
2018-05-01,1013.66,1038.47,1008.21,1037.31,1427900,0,0
2018-05-02,1028.1,1040.39,1022.87,1024.38,1603100,0,0
2018-05-03,1019.0,1029.68,1006.29,1023.72,1815100,0,0
2018-05-04,1016.9,1048.51,1016.9,1048.21,1938700,0,0
2018-05-07,1049.23,1061.68,1047.1,1054.79,1466100,0,0
2018-05-08,1058.54,1060.55,1047.15,1053.91,1217700,0,0
2018-05-09,1058.1,1085.44,1056.36,1082.76,2032800,0,0
2018-05-10,1086.03,1100.44,1085.64,1097.57,1443000,0,0
2018-05-11,1093.6,1101.33,1090.91,1098.26,1253700,0,0
2018-05-14,1100.0,1110.75,1099.11,1100.2,1518100,0,0
2018-05-15,1090.0,1090.05,1073.47,1079.23,1494900,0,0
2018-05-16,1077.31,1089.27,1076.26,1081.77,1097300,0,0
2018-05-17,1079.89,1086.87,1073.5,1078.59,1043800,0,0
2018-05-18,1061.86,1069.94,1060.68,1066.36,1565200,0,0
2018-05-21,1074.06,1088.0,1073.65,1079.58,1023200,0,0
2018-05-22,1083.56,1086.59,1066.69,1069.73,1090000,0,0
2018-05-23,1065.13,1080.78,1061.71,1079.69,1060700,0,0
2018-05-24,1079.0,1080.47,1066.15,1079.24,766800,0,0
2018-05-25,1079.02,1082.56,1073.78,1075.66,899400,0,0
2018-05-29,1064.89,1073.37,1055.22,1060.32,1865100,0,0
2018-05-30,1063.03,1069.21,1056.83,1067.8,1138500,0,0
2018-05-31,1067.56,1097.19,1067.56,1084.99,3088300,0,0
2018-06-01,1099.35,1120.0,1098.5,1119.5,2421600,0,0
2018-06-04,1122.33,1141.89,1122.01,1139.29,1889600,0,0
2018-06-05,1140.99,1145.74,1133.19,1139.66,1678000,0,0
2018-06-06,1142.17,1143.0,1125.74,1136.88,1698200,0,0
2018-06-07,1131.32,1135.82,1116.52,1123.86,1520000,0,0
2018-06-08,1118.18,1126.67,1112.15,1120.87,1290800,0,0
2018-06-11,1118.6,1137.26,1118.6,1129.99,1079300,0,0
2018-06-12,1131.07,1139.79,1130.73,1139.32,912000,0,0
2018-06-13,1141.12,1146.5,1133.38,1134.79,1506400,0,0
2018-06-14,1143.85,1155.47,1140.64,1152.12,1343400,0,0
2018-06-15,1148.86,1153.42,1143.48,1152.26,2122500,0,0
2018-06-18,1143.65,1174.31,1143.59,1173.46,1413700,0,0
2018-06-19,1158.5,1171.27,1154.01,1168.06,1621000,0,0
2018-06-20,1175.31,1186.29,1169.16,1169.84,1648500,0,0
2018-06-21,1174.85,1177.3,1152.23,1157.66,1238100,0,0
2018-06-22,1159.14,1162.5,1147.26,1155.48,1311000,0,0
2018-06-25,1143.6,1143.91,1112.78,1124.81,2157300,0,0
2018-06-26,1128.0,1133.21,1116.66,1118.46,1563200,0,0
2018-06-27,1121.34,1131.84,1103.62,1103.98,1293900,0,0
2018-06-28,1102.09,1122.31,1096.01,1114.22,1072400,0,0
2018-06-29,1120.0,1128.23,1115.0,1115.65,1315100,0,0
2018-07-02,1099.0,1128.0,1093.8,1127.46,1217300,0,0
2018-07-03,1135.82,1135.82,1100.02,1102.89,679000,0,0
2018-07-05,1110.53,1127.5,1108.48,1124.27,1066700,0,0
2018-07-06,1123.58,1140.93,1120.74,1140.17,996100,0,0
2018-07-09,1148.48,1154.67,1143.42,1154.05,909000,0,0
2018-07-10,1156.98,1159.59,1149.59,1152.84,798400,0,0
2018-07-11,1144.59,1164.29,1141.0,1153.9,1120000,0,0
2018-07-12,1159.89,1184.41,1155.94,1183.48,1251900,0,0
2018-07-13,1185.0,1195.42,1180.0,1188.82,1221900,0,0
2018-07-16,1189.39,1191.0,1179.28,1183.86,1055700,0,0
2018-07-17,1172.22,1203.04,1170.6,1198.8,1610400,0,0
2018-07-18,1196.56,1204.5,1190.34,1195.88,1393600,0,0
2018-07-19,1191.0,1200.0,1183.32,1186.96,1276700,0,0
2018-07-20,1186.96,1196.86,1184.22,1184.91,1247400,0,0
2018-07-23,1181.01,1206.49,1181.0,1205.5,2619200,0,0
2018-07-24,1262.59,1266.0,1235.56,1248.08,3318200,0,0
2018-07-25,1239.13,1265.86,1239.13,1263.7,2127800,0,0
2018-07-26,1251.0,1269.77,1249.02,1268.33,2405600,0,0
2018-07-27,1271.0,1273.89,1231.0,1238.5,2130600,0,0
2018-07-30,1228.01,1234.92,1211.47,1219.74,1849900,0,0
2018-07-31,1220.01,1227.59,1205.6,1217.26,1644700,0,0
2018-08-01,1228.0,1233.47,1210.21,1220.01,1567200,0,0
2018-08-02,1205.9,1229.88,1204.79,1226.15,1531300,0,0
2018-08-03,1229.62,1230.0,1215.06,1223.71,1089600,0,0
2018-08-06,1225.0,1226.09,1215.8,1224.77,1081700,0,0
2018-08-07,1237.0,1251.17,1236.17,1242.22,1494000,0,0
2018-08-08,1240.47,1256.5,1238.01,1245.61,1370300,0,0
2018-08-09,1249.9,1255.54,1246.01,1249.1,848600,0,0
2018-08-10,1243.0,1245.69,1232.0,1237.61,1108700,0,0
2018-08-13,1236.98,1249.27,1233.64,1235.01,997300,0,0
2018-08-14,1235.19,1245.87,1225.11,1242.1,1348100,0,0
2018-08-15,1229.26,1235.24,1209.51,1214.38,1828800,0,0
2018-08-16,1224.73,1226.0,1202.55,1206.49,1343200,0,0
2018-08-17,1202.03,1209.02,1188.24,1200.96,1389600,0,0
2018-08-20,1205.02,1211.0,1194.63,1207.77,870800,0,0
2018-08-21,1208.0,1217.26,1200.35,1201.62,1205600,0,0
2018-08-22,1200.0,1211.84,1199.0,1207.33,887400,0,0
2018-08-23,1207.14,1221.28,1204.24,1205.38,992600,0,0
2018-08-24,1208.82,1221.65,1206.36,1220.65,946600,0,0
2018-08-27,1227.6,1243.09,1225.72,1241.82,1156300,0,0
2018-08-28,1241.29,1242.55,1228.69,1231.15,1304000,0,0
2018-08-29,1237.45,1250.66,1236.36,1249.3,1298900,0,0
2018-08-30,1244.23,1253.64,1232.59,1239.12,1331400,0,0
2018-08-31,1234.98,1238.66,1211.29,1218.19,1816400,0,0
2018-09-04,1204.27,1212.99,1192.5,1197.0,1831000,0,0
2018-09-05,1193.8,1199.01,1162.0,1186.48,2061300,0,0
2018-09-06,1186.3,1186.3,1152.0,1171.44,1888500,0,0
2018-09-07,1158.67,1175.26,1157.21,1164.83,1401300,0,0
2018-09-10,1172.19,1174.54,1160.11,1164.64,1115400,0,0
2018-09-11,1161.63,1178.68,1156.24,1177.36,1209300,0,0
2018-09-12,1172.72,1178.61,1158.36,1162.82,1295500,0,0
2018-09-13,1170.74,1178.61,1162.85,1175.33,1431200,0,0
2018-09-14,1179.1,1180.43,1168.33,1172.53,944000,0,0
2018-09-17,1170.14,1177.24,1154.03,1156.05,1306500,0,0
2018-09-18,1157.09,1176.08,1157.09,1161.22,1203600,0,0
2018-09-19,1164.98,1173.21,1154.58,1171.09,1191400,0,0
2018-09-20,1179.99,1189.89,1173.36,1186.87,1225400,0,0
2018-09-21,1192.0,1192.21,1166.04,1166.09,4405600,0,0
2018-09-24,1157.17,1178.0,1146.91,1173.37,1271000,0,0
2018-09-25,1176.15,1186.88,1168.0,1184.65,977700,0,0
2018-09-26,1185.15,1194.23,1174.77,1180.49,1462300,0,0
2018-09-27,1186.73,1202.1,1183.63,1194.64,1260800,0,0
2018-09-28,1191.87,1195.41,1184.5,1193.47,1380600,0,0
2018-10-01,1199.89,1209.9,1190.3,1195.31,1357600,0,0
2018-10-02,1190.96,1209.96,1186.63,1200.11,1687900,0,0
2018-10-03,1205.0,1206.41,1193.83,1202.95,1256200,0,0
2018-10-04,1195.33,1197.51,1155.58,1168.19,2209500,0,0
2018-10-05,1167.5,1173.5,1145.12,1157.35,1184300,0,0
2018-10-08,1150.11,1168.0,1127.36,1148.97,1932400,0,0
2018-10-09,1146.15,1154.35,1137.57,1138.82,1308700,0,0
2018-10-10,1131.08,1132.17,1081.13,1081.22,2675700,0,0
2018-10-11,1072.94,1106.4,1068.27,1079.32,2949000,0,0
2018-10-12,1108.0,1115.0,1086.4,1110.08,2101300,0,0
2018-10-15,1108.91,1113.45,1089.0,1092.25,1372400,0,0
2018-10-16,1104.59,1124.22,1102.5,1121.28,1928500,0,0
2018-10-17,1126.46,1128.99,1102.19,1115.69,1467200,0,0
2018-10-18,1121.84,1121.84,1077.09,1087.97,2094500,0,0
2018-10-19,1093.37,1110.36,1087.75,1096.46,1267600,0,0
2018-10-22,1103.06,1112.23,1091.0,1101.16,1514200,0,0
2018-10-23,1080.89,1107.89,1070.0,1103.69,1848700,0,0
2018-10-24,1104.25,1106.12,1048.74,1050.71,1982400,0,0
2018-10-25,1071.79,1110.98,1069.55,1095.57,2545800,0,0
2018-10-26,1037.03,1106.53,1034.09,1071.47,4187600,0,0
2018-10-29,1082.47,1097.04,995.83,1020.08,3880700,0,0
2018-10-30,1008.46,1037.49,1000.75,1036.21,3212700,0,0
2018-10-31,1059.81,1091.94,1057.0,1076.77,2529800,0,0
2018-11-01,1075.8,1083.97,1062.46,1070.0,1482000,0,0
2018-11-02,1073.73,1082.97,1054.61,1057.79,1839000,0,0
2018-11-05,1055.0,1058.47,1021.24,1040.09,2441400,0,0
2018-11-06,1039.48,1064.34,1038.07,1055.81,1233300,0,0
2018-11-07,1069.0,1095.46,1065.9,1093.39,2058400,0,0
2018-11-08,1091.38,1093.27,1072.2,1082.4,1488200,0,0
2018-11-09,1073.99,1075.56,1053.11,1066.15,1343200,0,0
2018-11-12,1061.39,1062.12,1031.0,1038.63,1471800,0,0
2018-11-13,1043.29,1056.6,1031.15,1036.05,1513700,0,0
2018-11-14,1050.0,1054.56,1031.0,1043.66,1565900,0,0
2018-11-15,1044.71,1071.85,1031.78,1064.71,1836100,0,0
2018-11-16,1059.41,1067.0,1048.98,1061.49,1658100,0,0
2018-11-19,1057.2,1060.79,1016.26,1020.0,1858600,0,0
2018-11-20,1000.0,1031.74,996.02,1025.76,2449100,0,0
2018-11-21,1036.76,1048.56,1033.47,1037.61,1534300,0,0
2018-11-23,1030.0,1037.59,1022.4,1023.88,691500,0,0
2018-11-26,1038.35,1049.31,1033.91,1048.62,1942800,0,0
2018-11-27,1041.0,1057.58,1038.49,1044.41,1803200,0,0
2018-11-28,1048.76,1086.84,1035.76,1086.23,2475400,0,0
2018-11-29,1076.08,1094.24,1076.0,1088.3,1468900,0,0
2018-11-30,1089.07,1095.57,1077.88,1094.43,2580200,0,0
2018-12-03,1123.14,1124.65,1103.67,1106.43,1991200,0,0
2018-12-04,1103.12,1104.42,1049.98,1050.82,2345200,0,0
2018-12-06,1034.26,1071.2,1030.77,1068.73,2769200,0,0
2018-12-07,1060.01,1075.26,1028.5,1036.58,2101200,0,0
2018-12-10,1035.05,1048.45,1023.29,1039.55,1807700,0,0
2018-12-11,1056.49,1060.6,1039.84,1051.75,1394700,0,0
2018-12-12,1068.0,1081.65,1062.79,1063.68,1523800,0,0
2018-12-13,1068.07,1079.76,1053.93,1061.9,1329800,0,0
2018-12-14,1049.98,1062.6,1040.79,1042.1,1686600,0,0
2018-12-17,1037.51,1053.15,1007.9,1016.53,2385400,0,0
2018-12-18,1026.09,1049.48,1021.44,1028.71,2192500,0,0
2018-12-19,1033.99,1062.0,1008.05,1023.01,2479300,0,0
2018-12-20,1018.13,1034.22,996.36,1009.41,2673500,0,0
2018-12-21,1015.3,1024.02,973.69,979.54,4596000,0,0
2018-12-24,973.9,1003.54,970.11,976.22,1590300,0,0
2018-12-26,989.01,1040.0,983.0,1039.46,2373300,0,0
2018-12-27,1017.15,1043.89,997.0,1043.88,2109800,0,0
2018-12-28,1049.62,1055.56,1033.1,1037.08,1414800,0,0
2018-12-31,1050.96,1052.7,1023.59,1035.61,1493300,0,0
2019-01-02,1016.57,1052.32,1015.71,1045.85,1532600,0,0
2019-01-03,1041.0,1056.98,1014.07,1016.06,1841100,0,0
2019-01-04,1032.59,1070.84,1027.42,1070.71,2093900,0,0
2019-01-07,1071.5,1074.0,1054.76,1068.39,1981900,0,0
2019-01-08,1076.11,1084.56,1060.53,1076.28,1764900,0,0
2019-01-09,1081.65,1082.63,1066.4,1074.66,1199300,0,0
2019-01-10,1067.66,1071.15,1057.71,1070.33,1456400,0,0
2019-01-11,1063.18,1063.78,1048.48,1057.19,1520800,0,0
2019-01-14,1046.92,1051.53,1041.26,1044.69,1144300,0,0
2019-01-15,1050.17,1080.05,1047.34,1077.15,1463600,0,0
2019-01-16,1080.0,1092.38,1079.34,1080.97,1331800,0,0
2019-01-17,1079.47,1091.8,1073.5,1089.9,1242700,0,0
2019-01-18,1100.0,1108.35,1090.9,1098.26,1955600,0,0
2019-01-22,1088.0,1091.51,1063.47,1070.52,1613500,0,0
2019-01-23,1077.35,1084.93,1059.75,1075.57,967000,0,0
2019-01-24,1076.48,1079.47,1060.7,1073.9,1361300,0,0
2019-01-25,1085.0,1094.0,1081.82,1090.99,1119100,0,0
2019-01-28,1080.11,1083.0,1063.8,1070.08,1284300,0,0
2019-01-29,1072.68,1075.15,1055.86,1060.62,1021800,0,0
2019-01-30,1068.43,1091.0,1066.85,1089.06,1279800,0,0
2019-01-31,1103.0,1117.33,1095.41,1116.37,1538300,0,0
2019-02-01,1112.4,1125.0,1104.89,1110.75,1462200,0,0
2019-02-04,1112.66,1132.8,1109.02,1132.8,2576500,0,0
2019-02-05,1124.84,1146.85,1117.25,1145.99,3552200,0,0
2019-02-06,1139.57,1147.0,1112.77,1115.23,2105600,0,0
2019-02-07,1104.16,1104.84,1086.0,1098.71,2044800,0,0
2019-02-08,1087.0,1098.91,1086.55,1095.06,1075800,0,0
2019-02-11,1096.95,1105.94,1092.86,1095.01,1065200,0,0
2019-02-12,1106.8,1125.3,1105.85,1121.37,1609100,0,0
2019-02-13,1124.99,1134.73,1118.5,1120.16,1049800,0,0
2019-02-14,1118.05,1128.23,1110.44,1121.67,947600,0,0
2019-02-15,1130.08,1131.67,1110.65,1113.65,1449800,0,0
2019-02-19,1110.0,1121.89,1110.0,1118.56,1046400,0,0
2019-02-20,1119.99,1123.41,1105.28,1113.8,1087800,0,0
2019-02-21,1110.84,1111.94,1092.52,1096.97,1415100,0,0
2019-02-22,1100.9,1111.24,1095.6,1110.37,1049500,0,0
2019-02-25,1116.0,1118.54,1107.27,1109.4,1413100,0,0
2019-02-26,1105.75,1119.51,1099.92,1115.13,1471300,0,0
2019-02-27,1106.95,1117.98,1101.0,1116.05,968400,0,0
2019-02-28,1111.3,1127.65,1111.01,1119.92,1542500,0,0
2019-03-01,1124.9,1142.97,1124.75,1140.99,1450300,0,0
2019-03-04,1146.99,1158.28,1130.69,1147.8,1446000,0,0
2019-03-05,1150.06,1169.61,1146.19,1162.03,1443200,0,0
2019-03-06,1162.49,1167.57,1155.49,1157.86,1099300,0,0
2019-03-07,1155.72,1156.76,1134.91,1143.3,1166600,0,0
2019-03-08,1126.73,1147.08,1123.3,1142.32,1212400,0,0
2019-03-11,1144.45,1176.19,1144.45,1175.76,1719200,0,0
2019-03-12,1178.26,1200.0,1178.26,1193.2,2013100,0,0
2019-03-13,1200.65,1200.93,1191.94,1193.32,1435900,0,0
2019-03-14,1194.51,1197.88,1184.48,1185.55,1172800,0,0
2019-03-15,1193.38,1196.57,1182.61,1184.46,2461800,0,0
2019-03-18,1183.3,1190.0,1177.42,1184.26,1292600,0,0
2019-03-19,1188.81,1200.0,1185.87,1198.85,1520700,0,0
2019-03-20,1197.35,1227.14,1196.17,1223.97,2227400,0,0
2019-03-21,1216.0,1231.79,1213.15,1231.54,1204000,0,0
2019-03-22,1226.32,1230.0,1202.82,1205.5,1714200,0,0
2019-03-25,1196.93,1206.4,1187.04,1193.0,1496800,0,0
2019-03-26,1198.53,1202.83,1176.72,1184.62,1901200,0,0
2019-03-27,1185.5,1187.56,1159.37,1173.02,1400200,0,0
2019-03-28,1171.54,1171.56,1159.43,1168.49,1012400,0,0
2019-03-29,1174.9,1178.99,1162.88,1173.31,1269900,0,0
2019-04-01,1184.1,1196.66,1182.0,1194.43,1252500,0,0
2019-04-02,1195.32,1201.35,1185.71,1200.49,827900,0,0
2019-04-03,1207.48,1216.3,1200.5,1205.92,1017800,0,0
2019-04-04,1205.94,1215.67,1204.13,1215.0,950000,0,0
2019-04-05,1214.99,1216.22,1205.03,1207.15,907200,0,0
2019-04-08,1207.89,1208.69,1199.86,1203.84,860200,0,0
2019-04-09,1196.0,1202.29,1193.08,1197.25,876400,0,0
2019-04-10,1200.68,1203.79,1196.44,1202.16,724600,0,0
2019-04-11,1203.96,1207.96,1200.13,1204.62,710200,0,0
2019-04-12,1210.0,1218.35,1208.11,1217.87,933400,0,0
2019-04-15,1218.0,1224.2,1209.11,1221.1,1187400,0,0
2019-04-16,1225.0,1230.82,1220.12,1227.13,856300,0,0
2019-04-17,1233.0,1240.56,1227.82,1236.34,1221900,0,0
2019-04-18,1239.18,1242.0,1234.61,1236.37,1331800,0,0
2019-04-22,1235.99,1249.09,1228.31,1248.84,807300,0,0
2019-04-23,1250.69,1269.0,1246.38,1264.55,1319900,0,0
2019-04-24,1264.12,1268.01,1255.0,1256.0,1018800,0,0
2019-04-25,1264.77,1267.41,1252.03,1263.45,1107300,0,0
2019-04-26,1269.0,1273.07,1260.32,1272.18,1241400,0,0
2019-04-29,1274.0,1289.27,1266.3,1287.58,2499400,0,0
2019-04-30,1185.0,1192.81,1175.0,1188.48,6207000,0,0
2019-05-01,1188.05,1188.05,1167.18,1168.08,2639200,0,0
2019-05-02,1167.76,1174.19,1155.0,1162.61,1944800,0,0
2019-05-03,1173.65,1186.8,1169.0,1185.4,1980700,0,0
2019-05-06,1166.26,1190.85,1166.26,1189.39,1563900,0,0
2019-05-07,1180.47,1190.44,1161.04,1174.1,1551400,0,0
2019-05-08,1172.01,1180.42,1165.74,1166.27,1309300,0,0
2019-05-09,1159.03,1169.66,1150.85,1162.38,1185700,0,0
2019-05-10,1163.59,1172.6,1142.5,1164.27,1314500,0,0
2019-05-13,1141.96,1147.94,1122.11,1132.03,1860600,0,0
2019-05-14,1137.21,1140.42,1119.55,1120.44,1836600,0,0
2019-05-15,1117.87,1171.33,1116.67,1164.21,2289300,0,0
2019-05-16,1164.51,1188.16,1162.84,1178.98,1531400,0,0
2019-05-17,1168.47,1180.15,1160.01,1162.3,1208600,0,0
2019-05-20,1144.5,1146.8,1131.44,1138.85,1353300,0,0
2019-05-21,1148.49,1152.71,1137.94,1149.63,1159800,0,0
2019-05-22,1146.75,1158.52,1145.89,1151.42,914500,0,0
2019-05-23,1140.5,1145.97,1129.22,1140.77,1198900,0,0
2019-05-24,1147.36,1149.77,1131.66,1133.47,1112000,0,0
2019-05-28,1134.0,1151.59,1133.12,1134.15,1365000,0,0
2019-05-29,1127.52,1129.1,1108.22,1116.46,1538200,0,0
2019-05-30,1115.54,1123.13,1112.12,1117.95,951900,0,0
2019-05-31,1101.29,1109.6,1100.18,1103.63,1507800,0,0
2019-06-03,1065.5,1065.5,1025.0,1036.23,5130600,0,0
2019-06-04,1042.9,1056.05,1033.69,1053.05,2833500,0,0
2019-06-05,1051.54,1053.55,1030.49,1042.22,2168400,0,0
2019-06-06,1044.99,1047.49,1033.7,1044.34,1703200,0,0
2019-06-07,1050.63,1070.92,1048.4,1066.04,1802400,0,0
2019-06-10,1072.98,1092.66,1072.32,1080.38,1464200,0,0
2019-06-11,1093.98,1101.99,1077.6,1078.72,1436700,0,0
2019-06-12,1078.0,1080.93,1067.54,1077.03,1061000,0,0
2019-06-13,1083.64,1094.17,1080.15,1088.77,1057700,0,0
2019-06-14,1086.42,1092.69,1080.17,1085.35,1111500,0,0
2019-06-17,1086.28,1099.18,1086.28,1092.5,941600,0,0
2019-06-18,1109.69,1116.39,1098.99,1103.6,1386700,0,0
2019-06-19,1105.6,1107.0,1093.48,1102.33,1338800,0,0
2019-06-20,1119.99,1120.12,1104.74,1111.42,1262000,0,0
2019-06-21,1109.24,1124.11,1108.08,1121.88,1947600,0,0
2019-06-24,1119.61,1122.0,1111.01,1115.52,1395600,0,0
2019-06-25,1112.66,1114.35,1083.8,1086.35,1546900,0,0
2019-06-26,1086.5,1092.97,1072.24,1079.8,1810900,0,0
2019-06-27,1084.0,1087.1,1075.29,1076.01,1004300,0,0
2019-06-28,1076.39,1081.0,1073.37,1080.91,1693200,0,0
2019-07-01,1098.0,1107.58,1093.7,1097.95,1436300,0,0
2019-07-02,1102.24,1111.77,1098.17,1111.25,991600,0,0
2019-07-03,1117.41,1126.76,1113.86,1121.58,767000,0,0
2019-07-05,1117.8,1132.88,1116.14,1131.59,1264300,0,0
2019-07-08,1125.17,1125.98,1111.21,1116.35,1236400,0,0
2019-07-09,1111.8,1128.03,1107.17,1124.83,1330400,0,0
2019-07-10,1131.22,1142.05,1130.97,1140.48,1209500,0,0
2019-07-11,1143.25,1153.07,1139.58,1144.21,1195500,0,0
2019-07-12,1143.99,1147.34,1138.78,1144.9,864000,0,0
2019-07-15,1146.86,1150.82,1139.4,1150.34,903800,0,0
2019-07-16,1146.0,1158.58,1145.0,1153.58,1238800,0,0
2019-07-17,1150.97,1158.36,1145.77,1146.35,1170000,0,0
2019-07-18,1141.74,1147.6,1132.73,1146.33,1291300,0,0
2019-07-19,1148.19,1151.14,1129.62,1130.1,1647200,0,0
2019-07-22,1133.45,1139.25,1124.24,1138.07,1301500,0,0
2019-07-23,1144.0,1146.9,1131.8,1146.21,1093700,0,0
2019-07-24,1131.9,1144.0,1126.99,1137.81,1589800,0,0
2019-07-25,1137.82,1141.7,1120.92,1132.12,2209800,0,0
2019-07-26,1224.04,1265.55,1224.0,1250.41,4805800,0,0
2019-07-29,1241.05,1247.37,1228.23,1239.41,2223700,0,0
2019-07-30,1225.41,1234.87,1223.3,1225.14,1453300,0,0
2019-07-31,1223.0,1234.0,1207.76,1216.68,1725500,0,0
2019-08-01,1214.03,1234.11,1205.72,1209.01,1698500,0,0
2019-08-02,1200.74,1206.9,1188.94,1193.99,1645100,0,0
2019-08-05,1170.04,1175.24,1140.14,1152.32,2597500,0,0
2019-08-06,1163.31,1179.96,1160.0,1169.95,1709400,0,0
2019-08-07,1156.0,1178.44,1149.62,1173.99,1444300,0,0
2019-08-08,1182.83,1205.01,1173.02,1204.8,1468000,0,0
2019-08-09,1197.99,1203.88,1183.6,1188.01,1065700,0,0
2019-08-12,1179.21,1184.96,1167.67,1174.71,1003000,0,0
2019-08-13,1171.46,1204.78,1171.46,1197.27,1294400,0,0
2019-08-14,1176.31,1182.3,1160.54,1164.29,1578700,0,0
2019-08-15,1163.5,1175.84,1162.11,1167.26,1218700,0,0
2019-08-16,1179.55,1182.72,1171.81,1177.6,1313300,0,0
2019-08-19,1190.09,1206.99,1190.09,1198.45,1231600,0,0
2019-08-20,1195.25,1196.06,1182.11,1182.69,915500,0,0
2019-08-21,1193.15,1199.0,1187.43,1191.25,740700,0,0
2019-08-22,1194.07,1198.01,1178.58,1189.53,947500,0,0
2019-08-23,1181.99,1194.08,1147.75,1151.29,1687000,0,0
2019-08-26,1157.26,1169.47,1152.96,1168.89,1226100,0,0
2019-08-27,1180.53,1182.4,1161.45,1167.84,1077200,0,0
2019-08-28,1161.71,1176.42,1157.3,1171.02,802000,0,0
2019-08-29,1181.12,1196.06,1181.12,1192.85,1088400,0,0
2019-08-30,1198.5,1198.5,1183.8,1188.1,1129800,0,0
2019-09-03,1177.03,1186.89,1163.2,1168.39,1479900,0,0
2019-09-04,1176.71,1183.48,1171.0,1181.41,1068900,0,0
2019-09-05,1191.53,1213.04,1191.53,1211.38,1408100,0,0
2019-09-06,1208.13,1212.02,1202.52,1204.93,1072100,0,0
2019-09-09,1204.0,1220.0,1192.62,1204.41,1471900,0,0
2019-09-10,1195.15,1210.0,1194.58,1206.0,1260100,0,0
2019-09-11,1203.41,1222.6,1202.2,1220.17,1307000,0,0
2019-09-12,1224.3,1241.86,1223.02,1234.25,1725900,0,0
2019-09-13,1231.35,1240.88,1227.01,1239.56,1301400,0,0
2019-09-16,1229.52,1239.56,1225.61,1231.3,1053300,0,0
2019-09-17,1230.4,1235.0,1223.69,1229.15,955100,0,0
2019-09-18,1227.51,1235.61,1216.53,1232.41,1135100,0,0
2019-09-19,1232.06,1244.44,1232.02,1238.71,996000,0,0
2019-09-20,1233.12,1243.32,1223.08,1229.93,2270000,0,0
2019-09-23,1226.0,1239.09,1224.17,1234.03,1062400,0,0
2019-09-24,1240.0,1246.74,1210.68,1218.76,1583200,0,0
2019-09-25,1215.82,1248.3,1210.09,1246.52,1453000,0,0
2019-09-26,1241.96,1245.0,1232.27,1241.39,1538000,0,0
2019-09-27,1243.01,1244.02,1214.45,1225.09,1353900,0,0
2019-09-30,1220.97,1226.0,1212.3,1219.0,1404100,0,0
2019-10-01,1219.0,1231.23,1203.58,1205.1,1273500,0,0
2019-10-02,1196.98,1196.98,1171.29,1176.63,1615100,0,0
2019-10-03,1180.0,1189.06,1162.43,1187.83,1621200,0,0
2019-10-04,1191.89,1211.44,1189.17,1209.0,1162400,0,0
2019-10-07,1204.4,1218.2,1203.75,1207.68,842900,0,0
2019-10-08,1197.59,1206.08,1189.01,1189.13,1039300,0,0
2019-10-09,1199.35,1208.35,1197.63,1202.31,867700,0,0
2019-10-10,1198.58,1215.0,1197.34,1208.67,846600,0,0
2019-10-11,1222.21,1228.39,1213.74,1215.45,1272700,0,0
2019-10-14,1212.34,1226.33,1211.76,1217.14,867500,0,0
2019-10-15,1220.4,1247.33,1220.4,1243.01,1381700,0,0
2019-10-16,1241.17,1254.74,1238.45,1243.64,1094600,0,0
2019-10-17,1250.93,1263.32,1249.94,1253.07,952400,0,0
2019-10-18,1253.46,1258.89,1241.08,1245.49,1352800,0,0
2019-10-21,1252.26,1254.63,1240.6,1246.15,1027200,0,0
2019-10-22,1247.85,1250.6,1241.38,1242.8,1023800,0,0
2019-10-23,1242.36,1259.89,1242.36,1259.13,911500,0,0
2019-10-24,1260.9,1264.0,1253.71,1260.99,1028100,0,0
2019-10-25,1251.03,1269.6,1250.01,1265.13,1213100,0,0
2019-10-28,1275.45,1299.31,1272.54,1290.0,2613200,0,0
2019-10-29,1276.23,1281.59,1257.21,1262.62,1886400,0,0
2019-10-30,1252.97,1269.36,1252.0,1261.29,1408900,0,0
2019-10-31,1261.28,1267.67,1250.84,1260.11,1455700,0,0
2019-11-01,1265.0,1274.62,1260.5,1273.74,1670100,0,0
2019-11-04,1276.45,1294.13,1276.35,1291.37,1501000,0,0
2019-11-05,1292.89,1298.93,1291.23,1292.03,1282700,0,0
2019-11-06,1289.46,1293.73,1282.5,1291.8,1152700,0,0
2019-11-07,1294.28,1323.74,1294.24,1308.86,2030000,0,0
2019-11-08,1305.28,1318.0,1304.36,1311.37,1251400,0,0
2019-11-11,1303.18,1306.43,1297.41,1299.19,1011900,0,0
2019-11-12,1300.0,1310.0,1295.77,1298.8,1085900,0,0
2019-11-13,1294.07,1304.3,1293.51,1298.0,826700,0,0
2019-11-14,1297.5,1317.0,1295.65,1311.46,1193500,0,0
2019-11-15,1318.94,1334.88,1314.28,1334.87,1782600,0,0
2019-11-18,1332.22,1335.53,1317.5,1320.7,1487400,0,0
2019-11-19,1327.7,1327.7,1312.8,1315.46,1269200,0,0
2019-11-20,1311.74,1315.0,1291.15,1303.05,1308600,0,0
2019-11-21,1301.48,1312.59,1293.0,1301.35,995500,0,0
2019-11-22,1305.62,1308.73,1291.41,1295.34,1385700,0,0
2019-11-25,1299.18,1311.31,1298.13,1306.69,1036200,0,0
2019-11-26,1309.86,1314.8,1305.09,1313.55,1069700,0,0
2019-11-27,1315.0,1318.36,1309.63,1312.99,995600,0,0
2019-11-29,1307.12,1310.2,1303.97,1304.96,587000,0,0
2019-12-02,1301.0,1305.83,1281.0,1289.92,1510900,0,0
2019-12-03,1279.57,1298.46,1279.0,1295.28,1143800,0,0
2019-12-04,1307.01,1325.8,1304.87,1320.54,1537500,0,0
2019-12-05,1328.0,1329.36,1316.44,1328.13,1212700,0,0
2019-12-06,1333.44,1344.0,1333.44,1340.62,1314800,0,0
2019-12-09,1338.04,1359.45,1337.84,1343.56,1354300,0,0
2019-12-10,1341.5,1349.97,1336.04,1344.66,1094100,0,0
2019-12-11,1350.84,1351.2,1342.67,1345.02,850400,0,0
2019-12-12,1345.94,1355.78,1340.5,1350.27,1281000,0,0
2019-12-13,1347.95,1353.09,1343.87,1347.83,1549600,0,0
2019-12-16,1356.5,1364.68,1352.67,1361.17,1397300,0,0
2019-12-17,1362.89,1365.0,1351.32,1355.12,1854000,0,0
2019-12-18,1356.6,1360.47,1351.0,1352.62,1522600,0,0
2019-12-19,1351.82,1358.1,1348.98,1356.04,1469900,0,0
2019-12-20,1363.35,1363.64,1349.0,1349.59,3315000,0,0
2019-12-23,1355.87,1359.8,1346.51,1348.84,883100,0,0
2019-12-24,1348.5,1350.26,1342.78,1343.56,347500,0,0
2019-12-26,1346.17,1361.33,1344.47,1360.4,667500,0,0
2019-12-27,1362.99,1364.53,1349.31,1351.89,1038400,0,0
2019-12-30,1350.0,1353.0,1334.02,1336.14,1050900,0,0
2019-12-31,1330.11,1338.0,1329.08,1337.02,961800,0,0
2020-01-02,1341.55,1368.14,1341.55,1367.37,1406600,0,0
2020-01-03,1347.86,1372.5,1345.54,1360.66,1186400,0,0
2020-01-06,1350.0,1396.5,1350.0,1394.21,1732300,0,0
2020-01-07,1397.94,1402.99,1390.38,1393.34,1502700,0,0
2020-01-08,1392.08,1411.58,1390.84,1404.32,1528000,0,0
2020-01-09,1420.57,1427.33,1410.27,1419.83,1500900,0,0
2020-01-10,1427.56,1434.93,1418.35,1429.73,1820700,0,0
2020-01-13,1436.13,1440.52,1426.02,1439.23,1652300,0,0
2020-01-14,1439.01,1441.8,1428.37,1430.88,1558900,0,0
2020-01-15,1430.21,1441.4,1430.21,1439.2,1282700,0,0
2020-01-16,1447.44,1451.99,1440.92,1451.7,1173700,0,0
2020-01-17,1462.91,1481.3,1458.22,1480.39,2396200,0,0
2020-01-21,1479.12,1491.85,1471.2,1484.4,2036700,0,0
2020-01-22,1491.0,1503.21,1484.93,1485.95,1610800,0,0
2020-01-23,1487.64,1495.52,1482.1,1486.65,1351200,0,0
2020-01-24,1493.59,1495.49,1465.25,1466.71,1784600,0,0
2020-01-27,1431.0,1438.07,1421.2,1433.9,1755200,0,0
2020-01-28,1443.0,1456.0,1432.47,1452.56,1577400,0,0
2020-01-29,1458.8,1465.43,1446.74,1458.63,1077700,0,0
2020-01-30,1439.96,1457.28,1436.4,1455.84,1339400,0,0
2020-01-31,1468.9,1470.13,1428.53,1434.23,2417200,0,0
2020-02-03,1462.0,1490.0,1458.99,1485.94,3055200,0,0
2020-02-04,1457.07,1469.5,1426.3,1447.07,3933000,0,0
2020-02-05,1462.42,1463.84,1430.56,1448.23,1986200,0,0
2020-02-06,1450.33,1482.0,1449.57,1476.23,1679400,0,0
2020-02-07,1467.3,1485.84,1466.35,1479.23,1172300,0,0
2020-02-10,1474.32,1509.5,1474.32,1508.68,1419900,0,0
2020-02-11,1511.81,1529.63,1505.64,1508.79,1344600,0,0
2020-02-12,1514.48,1520.69,1508.11,1518.27,1167600,0,0
2020-02-13,1512.69,1527.18,1504.6,1514.66,929500,0,0
2020-02-14,1515.6,1520.74,1507.34,1520.74,1197800,0,0
2020-02-18,1515.0,1531.63,1512.59,1519.67,1120700,0,0
2020-02-19,1525.07,1532.11,1521.4,1526.69,949300,0,0
2020-02-20,1522.0,1529.64,1506.82,1518.15,1096600,0,0
2020-02-21,1508.03,1512.21,1480.44,1485.11,1731700,0,0
2020-02-24,1426.11,1436.97,1411.39,1421.59,2867100,0,0
2020-02-25,1433.0,1438.14,1382.4,1388.45,2478300,0,0
2020-02-26,1396.14,1415.7,1379.0,1393.18,2202400,0,0
2020-02-27,1362.06,1371.7,1317.17,1318.09,2971100,0,0
2020-02-28,1277.5,1341.14,1271.0,1339.33,3790600,0,0
2020-03-02,1351.61,1390.87,1326.81,1389.11,2431500,0,0
2020-03-03,1399.42,1410.15,1332.0,1341.39,2402300,0,0
2020-03-04,1359.23,1388.09,1343.11,1386.52,1913300,0,0
2020-03-05,1350.2,1358.91,1305.1,1319.04,2561300,0,0
2020-03-06,1277.06,1306.22,1261.05,1298.41,2660600,0,0
2020-03-09,1205.3,1254.76,1200.0,1215.56,3365400,0,0
2020-03-10,1260.0,1281.15,1218.77,1280.39,2611400,0,0
2020-03-11,1249.7,1260.96,1196.07,1215.41,2608500,0,0
2020-03-12,1126.0,1193.87,1113.3,1114.91,4226700,0,0
2020-03-13,1179.0,1219.76,1117.14,1219.73,3700100,0,0
2020-03-16,1096.0,1152.27,1074.44,1084.33,4252400,0,0
2020-03-17,1093.11,1130.86,1056.01,1119.8,3861500,0,0
2020-03-18,1056.51,1106.5,1037.28,1096.8,4233400,0,0
2020-03-19,1093.05,1157.97,1060.11,1115.29,3651100,0,0
2020-03-20,1135.72,1143.99,1065.49,1072.32,3601800,0,0
2020-03-23,1061.32,1071.32,1013.54,1056.62,4044100,0,0
2020-03-24,1103.77,1135.0,1090.62,1134.46,3344500,0,0
2020-03-25,1126.47,1148.9,1086.01,1102.49,4081500,0,0
2020-03-26,1111.8,1169.97,1093.53,1161.75,3571700,0,0
2020-03-27,1125.67,1150.67,1105.91,1110.71,3208500,0,0
2020-03-30,1125.04,1151.63,1096.48,1146.82,2574100,0,0
2020-03-31,1147.3,1175.31,1138.14,1162.81,2486400,0,0
2020-04-01,1122.0,1129.69,1097.45,1105.62,2344200,0,0
2020-04-02,1098.26,1126.86,1096.4,1120.84,1964900,0,0
2020-04-03,1119.02,1123.54,1079.81,1097.88,2313400,0,0
2020-04-06,1138.0,1194.66,1130.94,1186.92,2664700,0,0
2020-04-07,1221.0,1225.0,1182.23,1186.51,2387300,0,0
2020-04-08,1206.5,1219.07,1188.16,1210.28,1975100,0,0
2020-04-09,1224.08,1225.57,1196.73,1211.45,2175400,0,0
2020-04-13,1209.18,1220.51,1187.6,1217.56,1739800,0,0
2020-04-14,1245.09,1282.07,1236.93,1269.23,2470400,0,0
2020-04-15,1245.61,1280.46,1240.4,1262.47,1671700,0,0
2020-04-16,1274.1,1279.0,1242.62,1263.47,2518100,0,0
2020-04-17,1284.85,1294.43,1271.23,1283.25,1949000,0,0
2020-04-20,1271.0,1281.6,1261.37,1266.61,1695500,0,0
2020-04-21,1247.0,1254.27,1209.71,1216.34,2153000,0,0
2020-04-22,1245.54,1285.61,1242.0,1263.21,2093100,0,0
2020-04-23,1271.55,1293.31,1265.67,1276.31,1566200,0,0
2020-04-24,1261.17,1280.4,1249.45,1279.31,1640400,0,0
2020-04-27,1296.0,1296.15,1269.0,1275.88,1600600,0,0
2020-04-28,1287.93,1288.05,1232.2,1233.67,2951300,0,0
2020-04-29,1341.46,1359.99,1325.34,1341.48,3793600,0,0
2020-04-30,1324.88,1352.82,1322.49,1348.66,2665400,0,0
2020-05-01,1328.5,1352.07,1311.0,1320.61,2072500,0,0
2020-05-04,1308.23,1327.66,1299.0,1326.8,1504000,0,0
2020-05-05,1337.92,1373.94,1337.46,1351.11,1651500,0,0
2020-05-06,1361.69,1371.12,1347.29,1347.3,1215400,0,0
2020-05-07,1365.94,1377.6,1355.27,1372.56,1397600,0,0
2020-05-08,1383.13,1398.76,1375.48,1388.37,1388100,0,0
2020-05-11,1378.28,1416.53,1377.15,1403.26,1410600,0,0
2020-05-12,1407.12,1415.0,1374.77,1375.74,1390600,0,0
2020-05-13,1377.05,1385.48,1328.4,1349.33,1812600,0,0
2020-05-14,1335.02,1357.42,1323.91,1356.13,1603100,0,0
2020-05-15,1350.0,1374.48,1339.0,1373.19,1707700,0,0
2020-05-18,1361.75,1392.32,1354.25,1383.94,1824000,0,0
2020-05-19,1387.0,1392.0,1373.48,1373.48,1280600,0,0
2020-05-20,1389.58,1410.42,1387.25,1406.72,1655400,0,0
2020-05-21,1408.0,1415.49,1393.45,1402.8,1385000,0,0
2020-05-22,1396.71,1412.76,1391.83,1410.42,1309400,0,0
2020-05-26,1437.27,1441.0,1412.13,1417.02,2060600,0,0
2020-05-27,1417.25,1421.74,1391.29,1417.84,1685800,0,0
2020-05-28,1396.86,1440.84,1396.0,1416.73,1692200,0,0
2020-05-29,1416.94,1432.57,1413.35,1428.92,1838100,0,0
2020-06-01,1418.39,1437.96,1418.0,1431.82,1217100,0,0
2020-06-02,1430.55,1439.61,1418.83,1439.22,1277200,0,0
